{
  "PUT/posts/1" : {
    "transaction" : "PUT/posts/1",
    "sampleCount" : 4723,
    "errorCount" : 0,
    "errorPct" : 0.0,
    "meanResTime" : 190.2913402498414,
    "medianResTime" : 177.0,
    "minResTime" : 134.0,
    "maxResTime" : 470.0,
    "pct1ResTime" : 254.0,
    "pct2ResTime" : 289.0,
    "pct3ResTime" : 376.0,
    "throughput" : 182.97690996435767,
    "receivedKBytesPerSec" : 250.0615932027739,
    "sentKBytesPerSec" : 46.637669434274756
  },
  "Total" : {
    "transaction" : "Total",
    "sampleCount" : 23649,
    "errorCount" : 17,
    "errorPct" : 0.07188465,
    "meanResTime" : 157.99331895640472,
    "medianResTime" : 164.0,
    "minResTime" : 24.0,
    "maxResTime" : 21211.0,
    "pct1ResTime" : 212.0,
    "pct2ResTime" : 248.0,
    "pct3ResTime" : 302.0,
    "throughput" : 865.3761709601873,
    "receivedKBytesPerSec" : 1259.8174405600482,
    "sentKBytesPerSec" : 186.584222512167
  },
  "PATCH/posts/1" : {
    "transaction" : "PATCH/posts/1",
    "sampleCount" : 4723,
    "errorCount" : 0,
    "errorPct" : 0.0,
    "meanResTime" : 178.61507516409037,
    "medianResTime" : 172.0,
    "minResTime" : 131.0,
    "maxResTime" : 403.0,
    "pct1ResTime" : 215.0,
    "pct2ResTime" : 248.0,
    "pct3ResTime" : 292.7600000000002,
    "throughput" : 184.6364347146208,
    "receivedKBytesPerSec" : 282.83158839913995,
    "sentKBytesPerSec" : 40.930147148651294
  },
  "DELETE/posts/1" : {
    "transaction" : "DELETE/posts/1",
    "sampleCount" : 4723,
    "errorCount" : 0,
    "errorPct" : 0.0,
    "meanResTime" : 174.115181029007,
    "medianResTime" : 167.0,
    "minResTime" : 132.0,
    "maxResTime" : 499.0,
    "pct1ResTime" : 207.0,
    "pct2ResTime" : 229.0,
    "pct3ResTime" : 276.0,
    "throughput" : 184.44895727563852,
    "receivedKBytesPerSec" : 240.8189929240217,
    "sentKBytesPerSec" : 35.12455729370069
  },
  "GET/posts/1" : {
    "transaction" : "GET/posts/1",
    "sampleCount" : 4740,
    "errorCount" : 0,
    "errorPct" : 0.0,
    "meanResTime" : 64.78544303797497,
    "medianResTime" : 34.0,
    "minResTime" : 24.0,
    "maxResTime" : 21211.0,
    "pct1ResTime" : 78.90000000000055,
    "pct2ResTime" : 122.0,
    "pct3ResTime" : 861.3100000000013,
    "throughput" : 177.28904847396768,
    "receivedKBytesPerSec" : 280.36701743435816,
    "sentKBytesPerSec" : 29.95215369726212
  },
  "Post/posts" : {
    "transaction" : "Post/posts",
    "sampleCount" : 4740,
    "errorCount" : 17,
    "errorPct" : 0.3586498,
    "meanResTime" : 182.4071729957805,
    "medianResTime" : 167.0,
    "minResTime" : 133.0,
    "maxResTime" : 522.0,
    "pct1ResTime" : 224.0,
    "pct2ResTime" : 274.9499999999998,
    "pct3ResTime" : 461.59000000000015,
    "throughput" : 183.2238113645149,
    "receivedKBytesPerSec" : 273.5433099995168,
    "sentKBytesPerSec" : 44.374516814843446
  }
}